,corpus
0,skynew told back omicron odium medicum insens cretin mean rude http co fmleeuf
1,someon told octob omicron http co ne aqrmq
2,glad see public schoolkid wrap sign perman psycholog damag covid http co pkvla soui
3,autom system becom increasingli complex effort test commun interlockin http co dcdke obyl
4,u think omicron fud long u think omicron threat short join quiz chanc http co hkyzzbjw k
5,digitaldisrupt emerg technolog stay privat invest space question http co mg gr gzlf
6,covid uk disinform round time email pretend nh claimi http co jibzsvi g
7,fatigu head bodi ach occasion sore throat cough among typic symptom experienc http co tkejgzxyf
8,bcci say india tour south africa track reiter board compromis player safeti http co azt bkki
9,biden vaccin rule health worker block state europ china asiapacif indochina southamerica http co xcerdcf ok
10,today vaccinen wvic san diego novemb mrna gild govx niaidnew caltech ppdcro onc ard http co w qexlofui
11,follow develop omicron covid variant detect countri includ canada local http co muciu ct f
12,state provid standard build new merg district khyber pakhtunkhwa gm kala khan machi khel bee http co zkkoy
13,bbcnew least borisjohnson sajidjavid keir starmer wesstreet drrosena independentsag look http co zgaurjkeup
14,travel arriv alberta southern africa quarantin confirm omicron ca http co ghckiqn os
15,student pleas note updat guidanc visit campu face cover mandatori http co qpc zrwh r
16,reduc socialcontact interact could help save hospit face rise omicron covid variant c http co lv wgilpuj
17,themorningnew drug driver hit polic car two roc homicid arrest omicron updat http co lpheclnn
18,want justic pleasecancelterm corona case rise yr even vaccin affect b http co vtlgkdxap
19,hjell brian keep u date look like omicron around lot longer thought perhap http co tzfqfj x
20,arvindkejriw claim readi rd wave omicron delhi peep quot case midway start cri fou http co cinkg atz
21,petermbenglish hi unrol ask genet divers within omicron give us clue age http co g cuni e
22,japan confirm first case omicron variant omicronvari coronaviru covid http co cj tmyqcup http co adtmmzc xl
23,real villag video rajasthan villag tour farm amaz f http co eigjg oaki via youtub http co fgc zepgwg
24,india stockpil vaccin medicin omicron wrong strain yet stabilis http co jkqkwiaub
25,investingcom control certainli control situat aris statement make http co zdseemaxng
26,discuss covid new variant held lok sabha tomorrow rule russia believ sputnik va http co pgkc xsoua
27,new covid variant call omicron detect sever countri learn impact measur http co f hbfrfwu
28,moderna boss predict current vaccin may less effect omicron http co jxwn depeo http co kbxykmzcol
29,let us safe irrespect varrient omicron omicronvari rjdheenamem http co wg wtktcw http co vtcodamh
30,omicron seem like excess panic evid albeit limit yet suggest symptom mild http co v lgdmajm
31,tuesdaymotiv todayindoom biden bordercrisi inflat infrastructur amp buildbackbett new usdebt http co xsuinfc
32,omicron risk new inflat headach world centralbank http co x ookjpcvz
33,captain obviou omicron netherland sinc mid novemb mean variant http co japnr hpgm
34,drtedro fruizgomez die infect eat meat vaccin sarscov mutat bypass vaccin urg http co zs qbpc g
35,ani omicron today corona tomorrow could aorona borona dorona eorona forona gorona zorona http co p cx j
36,ftse eye worst month year omicron hit http co fohnpfwu
37,real villag video rajasthan villag tour farm amaz f http co eigjg oaki via youtub http co ybkkxwm qh
38,le scaremong omicron http co km rro mgp http co trfphjx xo
39,omicron design variant concern clear caus concern transmissibil http co xakoslifxb
40,impos omicron travel ban need look europ contin troubl http co bk vsjdkzt
41,larrymadowo german also found omicron patient leipzig zero travel connect anyon travel well
42,new confirm case super variant omicron worldwid confirm amp suspect http co adueceanhr
43,delta quickli amp easili detect xi aka omicron case
44,parliament like discuss new covid variant omicron tomorrow http co l bgnhe fv omicron http co cy cuwk q
45,correct omicron http co r x aw
46,find strang wearamask target low risk environ yet ignor biggest spread situat househ http co lxvpq rtro
47,fight covid take us level game omicron level level level level
48,want experi magic crypto forget buy omic spread like omicron http co b rsd fwjp
49,remind biggest pedophil ring ever involv power peopl politican actor big http co gg fnvtffx
50,srne henri best class break regeneron say covid antibodi cocktail less http co oghjbevehb
51,welcom omicron even variant announc got whole world tizzi week pack w http co owl lgdiht
52,covid instant order new variant instruct govern andhrapradesh http co uh jtuhxh
53,follow trend covid differ countri sinc outbreak swear never seen anyth l http co bpmvofcthl
54,movi call omicron movi basic alien take bodi e http co liityhb yw
55,omicron small busi rule http co wtzp ih via smallbusinessuk omicron http co grztp wuv
56,complic matter chancellor angela merkel go retir chancellor design olaf http co dbvb v pv
57,msnbc say million american vaccin covid feel clear gr http co wxkybb fi
58,emerg new covidvari omicron countri territori impos new travel restrict http co tfopljbxnp
59,opinion abati omicron live covid http co fvuiihd via thecableng
60,knew heard omicron http co ayoukrityr
61,omicron link global vaccin inequ expert http co ibv axw wh via nbcnew
62,dr stantonrich virologist cumedicengag quot walesonlin articl worri http co rpppqh
63,cancelterm pleasecancelterm dpradhanbjp cbseindia everyon suffer die omicron
64,thread worth share light omicron endem live covid argument pa http co ozc jxkvgr
65,want experi magic crypto forget buy omic spread like omicron http co wd dqmh w
66,concern around omicron variant mount passeng come risk countri http co tp tcc svw
67,pop shop omicron want owt
68,coronaviru pandem investor worri new covid variant omicron http co blmxcofa http co mun bckwn
69,world health organ name b covid variant omicron danger variant date wit http co uz rp zwu
70,omicron variant union health ministri issu new guidelin intern travel india coun http co eeqetusfem
71,media confirm heavili mutat omicron variant put scientist alert death year drought http co qhqfpkauna
72,want justic pleasecancelterm corona case rise yr even vaccin affect b http co fcjyde arg
73,omicron new variant covid skip mu nu amp xi http co pyg brtwd
74,media confirm heavili mutat omicron variant put scientist alert death year drought http co cfjk jtspa
75,case covid variant omicron report india far health minist dr mansukh mandaviya said rajya sa http co jsmfgftwo
76,media confirm heavili mutat omicron variant put scientist alert death year drought http co wopytmorzf
77,http co sh n dbor use maga trump approach omicron omicronvari spread death http co sxpmz hgtm
78,africa tire omicron holland south africa ban flight holland
79,want millionair univers make invest metavers omicron ot http co veptnhogy
80,media confirm heavili mutat omicron variant put scientist alert death year drought http co pnl ksbpp
81,discuss covid new variant held loksabha tomorrow rule sourc omicron http co qz zeaqgr
82,toddler make hospit case omicron epicent omicron covid pandem variant http co xvxkdlpb
83,omicron cancelterm india youth th total popul popul rece http co lvghp tzwr
84,media confirm heavili mutat omicron variant put scientist alert death year drought http co go nw
85,could mild breakthrough omicron sever expect icmr expert http co dinnqwwjdv v http co kx ftdf ai
86,media confirm heavili mutat omicron variant put scientist alert death year drought http co hbfev gzk
87,want experi magic crypto forget buy omic spread like omicron http co frrftbeugw
88,keep safe everyon new variant name omicron south africa pleas wear face mask observ http co zyesmrpggp
89,media confirm heavili mutat omicron variant put scientist alert death year drought http co uhl yyeabu
90,seriou question covid omicron variant maajidnawaz berniespofforth breesanna mrmarkdolan howdoweknow
91,omicron may caus milder symptom thing doctor worri http co hotzzerb via nbcnew
92,right open book council minist compet minist bougr default stanc http co evab abasb
93,media confirm heavili mutat omicron variant put scientist alert death year drought http co pdpndubgkd
94,alway believ self omicron balondeoro
95,look forward webinar tomorrow pm gmt omicron potenti market implic professor http co lztlzvgexi
96,crash land home tonight day away time updat corner model ahead busi http co wxqawfcfgj
97,held meet offl today hope omicron come india need prepar responsibl http co mvc qi ox
98,hope omicron come india need prepar respons govern said delhi cm http co j dvxswgz
99,govt stop intern flight immedi omicron viru alreadi mani http co tyrosocxb
100,definit news want wake world effect lev http co uxf zb
101,aaa tameerat pvt ltd pakistan one best real estat busi platform alhamdullah sunrisewithadeel http co fcdrl ya e
102,maosbot kid catch covid definit good idea anecdot support group nd amp rd infec http co jiyueq fuy
103,believ friday drop yesterday ralli today sell relat omicron br http co um bjgwro
104,dispatch zone omigod quell surpris new sing danc moron http co juue p hv
105,outlookindia interview note virologist jacob john india threat omicron http co tk tvz
106,know hospit admiss doubl worst affect region south africa omicron
107,heard sentenc india health minist parliament speech incorrect omicron spread http co ghvabvbb p
108,grbmaxx feel particularli horni today omicron bobocon
109,watch mumbaimayor kishoripednekar refus meet visitor bmc offic csmt amid omicron threat bl http co pbfcwhtf p
110,discuss covid new variant held lok sabha tomorrow rule sourc omicron
111,fed chair jay powel treasuri secretari janet yellen testifi today front senat bank commit http co rgg ex hwb
112,airlin boss voic concern tuesday travel restrict link emerg omicron http co ntsxnhkwr
113,novel omicron variant sar cov viru reliabl detect rhonda point care rapid pcr test http co fr wfp f
114,nicolasturgeon drgregorsmith imagin scene nicolasturgeon spad assembl imper http co bwnqjmmfbh
115,exactli plan dutch govern plan unrestrain spread omicron http co xsbdzbaggo
116,kinda seem appropri final variant name may gahd variantomicron omicron http co vdyzwdqlgg
117,cycl panic amp react rival harm covid better public commun govern would help expect http co ld jqemwvq
118,first suspect case omicron variant covid detect south korea omicronvari http co tzfide f
119,prepar th wave yesterday work thought deliv food tray floor wa http co rqgz xlpwj
120,presid biden say white hous releas detail strategi fight covid omicron vari http co oadmtqa qg
121,cbseindia case mayb decreas zero like past experi increas omicron http co cecxdyrd
122,part media spread idea omicron univers mild amp could sort natur vaccin http co bdyopazgsv
123,omicron variant kerala priorit genom sequenc intern travel sampl http co ezjcw atwx kerala omicron covid
124,viral market seem bit much remast releas bowi omicron record http co gmrrvzvf
125,http co v jfxiltc cat bag omicron
126,covid hospit rise south africa omicron hot spot http co dmeff ojcx via nbcnew
127,ani hope unilater repeal omicron
128,sensex tank pt day high end pt lower nifti moderna comment vaccin omicron http co cop xreaha
129,opinion reuben abati omicron live covid thecabl http co fvuiihd http co zm xkdv f
130,clairejen dgurdasani wors covid attack brain sinc begin million http co itszgiprj
131,good news look busi authorev alreadi bad news stupid ars coronaviru might r http co vck uqsej
132,covid omicron variant biden direct fda cdc clear new vaccin need enzolyt time http co gctok cect
133,updat guidelin intern travel bangalor date nov dhfwka omicron http co ufkfbp tyx
134,hors stabl door omicron covid neverendingstori http co en lv qdpq
135,bad peezkyweezki mr zed sexi robotnik bigd velma fan realdylanknight avoidthehanoid http co dzq qjdwv
136,new variant omicron differ concern imperi expert prof neil http co cadnaaohfv
137,new omicron coronaviru variant discov countri scientist assess morbid resista http co vc lzrlcgp
138,rise covid case due omicron stagnat vaccin rate us potenti go int http co u haryhe
139,countdown first report case us come live omicron http co g mlpgjczh
140,mr rugbi rassierugbi springbok bokk southafrica strongertogeth ssrugbi rugbi rassieerasmu http co ttx n
141,omicron might one propaganda support
142,pier corbyn fart escap noon wear trouser like viru wear mask http co bt psvi b
143,larg number indian like remain protect omicron variant covid amp http co ykpo epfdd
144,correl visit uk deleg botswana alleg report elsewher sourc http co gln pp
145,gala fight back gulge crypto binanc btc gala idex shib dogecoin cryptocurr coinmarketcap http co nsqjtkqym
146,advisor egyptian presid health prevent affair moham awad tag eddin said omicron http co dkb wt
147,preliminari evid suggest may increas risk reinfect omicron ie peopl pr http co uqhi boer
148,act fast contain act slow profit omicron http co ddqbgirylg
149,know virus sure omicron variant bless milder less fatal covid viru hu http co syvwegeza
150,forget new variant covid know spanish flu still around panic quick think http co r biruwgf
151,get long term perman symptom organ damag covid far far common die curr http co ylasdvg ng
152,calvinrobinson tradit vaccin life christma covid covidvari omicron http co vpn xad oz
153,good morn fat pm u k decid leav twitter littl mayb week http co ddgxzebxcx
154,document new strain nepal omicron
155,omicron variant offer new stage never end perform hegemoni character glob http co ipvrt un
156,omicron omicronuk lockdown mask make mandatori return supermarket shop public transport busin http co uneoeg ejk
157,omicron omicronvari get longcovid might destroy bodi amp life forev http co u hn jxtf
158,borisjohnson expect later today put travel ban countri omicron lift travel ban http co ur xvoc zs
159,loksabha short durat discuss covid new variant omicron tomorrow heal http co gv h oj
160,bet ladi block fb month back nonstop hyster covid post lose ever love mind omicron
161,employe must self isol day identifi close contact individu http co wytjbusdi
162,covid rule strengthen omicron christma approach keep compani open amp stay safe ensur http co rfinodxkr
163,vaccin inequ lead omicron variant omicron http co ed gebxqn
164,get latest news berrynew link bio omicron omicronvari omikron netherland bigpharma http co fi rdoyh z
165,histori shown previou pandem mutat milder let hope omicron
166,omicron variant news everywher remind face desper wait intern http co r c rusopi
167,discuss covid new variant held lok sabha tomorrow rule sourc omicron
168,know latest covid variant omicron http co ukn w ivlj http co ywgnhb h
169,countri manag zero covid delta everi reason believ omicron easili http co ts g lwetk
170,know know omicron covid variant omicron covid coronaviru variant delta http co azcvfo q r
171,watchchad godfirst omicron xi mreko doubleheadedeagl rockblack sweepingunderrug evilcod badsoldi http co cxcub dwm
172,zimbabw report number amp origin import covid case date southafrica botswana http co xshi vdxil
173,corona male viru guy coz give easili block k bad account badal badal k rha hai omicron
174,world health organis doctor mike ryan said exactli biggest mistak http co nj h jsbyh
175,mtgreene nancymac laurenboebert hope omicron thin gqp herd look forward gerrymand
176,staffordshir covid case confirm last week dr richard harl director health http co ztl embyt
177,annekflaherti seem intent want take bet st omicron posit test pop http co ogswnzvyjf
178,dolonft doubt actual wait polygen io ido come decemb http co xmajuq bhu
179,omicron spike mutat epidemiolog http co tbfvbnipem
180,financi daili dose top stori twitter ceo jack dorsey resign reifmd twitter omicron http co thla j yw
181,set remind upcom space omicron sparksacademi pm ist join http co rcevyyibjc
182,brianlilley check number regard omicronvari find africa covid death nov http co jdivgupsg
183,live podcast craig murray free ghislain maxwel ww omicron spreaker chinahoax http co nitiyhkfsi
184,new tbb buzz post nationalpark ultra hd us inflat rate omicron variant k southwest prioriti car http co ppfjg lok
185,educationgovuk reintroduc covid workforc fund set support school cost staff absenc http co ogfrrq tz
186,digitaldisrupt emerg technolog stay privat invest space question http co b ksan odi
187,look omicron delta scare still deal origin covid headach non http co u suvpjtgj
188,drcole believ unwil maskup cannot prolif love follow back http co szcm u yn
189,africa india median age life expect less us median ag http co bvcpabhwvj
190,doctor explain omicron variant could speed end covid pandem fox news http co dpgbwce om dal http co wygyqiwt
191,enough said omicron covid variant present europ least day ago coronaviru guardian http co tphi r
192,hunt covid variant new omicron variant found via newsfusionapp scienc http co bekzjzppbd
193,drcole believ unwil maskup cannot prolif love follow back http co kqgrahoet
194,lightwavetech elonmusk world believ tsla produc omicron antidot faster everybodi joke http co ayomcyihlv
195,scientist help discov omicron variant warn potenti probabl mutat viru http co ludhirlz
196,label new covid strain name omicron variant concern cite possibl increas reinfect risk http co optgtahyp
197,drcole believ unwil maskup cannot prolif love follow back http co b sx ihukc
198,vice chairman equiti patrick spencer quot financialtim articl global stock drop conc http co e tttr
199,govkathyhochul remot work state employe say respons everi one self serv tweet http co cuxtfrfo
200,drcole believ unwil maskup cannot prolif love follow back http co unp jvurnr
201,tedro urg state take ration measur omicron risk http co ibpni tta http co izvmwtoy
202,eurusd pair tilt lower american asian session fear omicron viru eas get http co wmxgdwdrer
203,god best gift peopl get medicin health avoid diseas virus god g http co kbnum jac
204,omicron usher good news covid probabl endem say expert http co wq jjom mf dal ual luv http co uqtwsu qpg
205,u k u ramp booster shot amid omicron spread http co bfv x rumi via cbcthenat uk usa http co akv ryrt
206,quickli could current vaccin adapt omicron variant pharmaceut expert dr dean fanelli join http co jdqvhr jn
207,drcole believ unwil maskup cannot prolif love follow back http co x fmdguioe
208,top thing know today omicron fear resurfac global stock tumbl dow futur drop point http co gsar uxdko
209,ongo covid saga http co qukfz opec oilpric usdollarindex omicron oilandga http co k fbwvbi h
210,drcole believ unwil maskup cannot prolif love follow back http co ya c acuti
211,hottest zodiacsign accord googl tiktok http co ganhk omicron kaicomebackday http co yl g ufk
212,much omicron come world come india jee le apni zindagi http co idkooieri
213,omicronvari us hide presenc covid omikron governor want first stat http co cxyl mojc
214,know covid realli jump shark start name new strain evil corpor action film omicron
215,stricter norm intern passeng arriv india effect midnight today omicron http co use vtidi
216,pm imran bar minist travel abroad http co qs ihokib pakistan pmimrankhan pti travel covid http co ycszf rg
217,case scotland none need hospit treatment show milder expect symptom remind http co jnbkejoubk
218,mla sudhakar need self lock intern travel day lockdown whole nation hope govt http co umb pymw h
219,news oxford univers say evid yet vaccin protect sever diseas omicron http co uxpa k scq
220,new zealand eas covid measur despit omicron threat prime minist say http co camhvsiv http co uk xgbkwnr
221,want experi magic crypto forget buy omic spread like omicron http co fwsqifna c
222,global stock drop concern omicron variant flare worri effect coronaviru vaccin http co gcivdhkjgx
223,want experi magic crypto forget buy omic spread like omicron http co sw b sbq
224,omicron updat thread includ thank botswana south africa detect report new varia http co ituanirkui
225,amaz cheap demaecan becom yen per share versu yen dec http co fbw nuqko
226,new case omicron variant discov across world katelyn jetelina phd utexassph tell http co hzmcqjjdhz
227,chief execut moderna tx predict exist vaccin much less effect tackl omicron tha http co hosj wq
228,mrc outbreak wait minut africa covid death nov canada nov africa pop mil canada http co veji g bg
229,want experi magic crypto forget buy omic spread like omicron http co ouia jaxxz
230,potu need self lock intern travel day lockdown whole nation hope govt http co cv dn yytp
231,gambia whass fact omicron variant alreadi exist elsewher make travel ban discriminato http co p yyltm n
232,dwoodru enzolyt drgauravchandra presid joe biden said monday direct feder agenc pre http co nqoya nvvg
233,need know right omicron holiday holiday plan traveltalk tonight pm http co p eggsj
234,cancel art galleri particip art basel miami omicron variant artbasel omicron http co fnjlqh cbv
235,want experi magic crypto forget buy omic spread like omicron http co qnnuy wmg
236,china knew circu work omicron secur crude oil suppli reason price http co vwzgtxcqtr
237,daili poll new covid variant impact holiday plan nwdb dailypol covid omicron
238,aerojockey evelynra pandem vaccin omicron omicronvari
239,want experi magic crypto forget buy omic spread like omicron http co yuhokfave
240,learn covid nearli two year pandem iata director gener willi walsh http co dnnm l nd
241,new covid variant came right back end rand surviv em onslaught bought shenanigan http co zypbreksx
242,track staff contractor student visitor test vaccin amp quarantin let us help http co lszt poioh
243,covid omicron variant symptom presid joe biden fight omicron variant pfize http co djjuwinj k
244,omic spread like omicron x abe f f c eb eb ee f bf e dar sand shib crypto elon floki http co xemimfeva
245,kevin cage fairlaunch bsc robinhood support shiba detail suppli burn http co gwtp c
246,omicron sound bad turn omicroff omicron omicroff
247,today top twitter trend unit state topic brian kelli lara logan peta pemda barbado tweet h http co jvbjvnnsxn
248,philbinu faheemyounu themojostori bdutt need self lock intern travel day http co oiva pxwti
249,want experi magic crypto forget buy omic spread like omicron http co elv aoraiu
250,bcmhouston dr thoma giordana say enough info omicron know go seriou http co tygzzqnuaw
251,rippl cnbc fairlaunch bsc robinhood support shiba detail suppli burn http co xcicz wvtj
252,last week news omicron variant covid market sold sharpli friday beyond headl http co szcibmwo
253,raritysnipernft fungiblefungi fairlaunch bsc robinhood support shiba detail suppli http co rghtytawt
254,intocryptovers fairlaunch bsc robinhood support shiba detail suppli burn http co ltczf c
255,airdropstario fairlaunch bsc robinhood support shiba detail suppli burn http co xinm ciajm
256,puzzl suddenli see tweet samedicalassoc chair dr angeliqu coetze one discov http co lq imdiv
257,livelambo fairlaunch bsc robinhood support shiba detail suppli burn http co zbgyxhp
258,covid omicron lockdown need biden say http co wl khivx b
259,eosnfound pomelogr edenoneo clarion os fairlaunch bsc robinhood support shiba detail suppli http co bldnqpxsx
260,interest vaccin develop stand make vast profit new iter say current http co wx eexjan
261,gem crypto fairlaunch bsc robinhood support shiba detail suppli burn http co fwfoerzu c
262,want experi magic crypto forget buy omic spread like omicron http co ckldhwjqb
263,one way stop emerg variant like omicron http co nmltqa uob
264,covid variant omicron netherland day south africa alert report covid variant omicron http co lreiihsxq
265,omicron india send vaccin omicron hit african countri friend need friend inde
266,fluxisthefutur fairlaunch bsc robinhood support shiba detail suppli burn http co u bfhfj pp
267,omicron could increas inflat hurt job amp econom growth powel warn http co uy bs omicron http co zw fvpeyaq
268,omicron rearrang moron observ
269,believ unwil maskup cannot prolif love follow back helporgetoutoftheway http co ko xwpwcno
270,amid concern loom threat new omicron b variant covid union governm http co zudbi yhf
271,omicron variant symptom everyth know latest covid strain http co stzwze q
272,want experi magic crypto forget buy omic spread like omicron http co ogruog iog
273,omicron scare essenti insul way stop viru enter http co yxwhdamyx
274,come polygen io ido th th decemb ahead miss great opp http co pfqsqa
275,research done show key mutat omicron help prevent exist antibodi kill base abo http co mitoc yhef
276,bogochisaac wait minut africa covid death nov canada nov africa pop mil canada http co ho fkkkx
277,omicron risk high foxnew hoax democrat foxnew liter kill peopl
278,autom system becom increasingli complex effort test commun interlockin http co sdcv irsog
279,span day differ headlin definit influenc investor decis process person http co zptuhzywdd
280,omicron crazi son bitch http co eq rusri l
281,omicron africa call bullshyt http co vz inymqwt
282,omicron viru disguis variant mutat pandem pun get get
283,zubymus watch tv omicron omicronvari http co pelpqivrj
284,omicron detect netherland south africa south africa alert world hit travel ban
285,news omicron spread around world wto announc friday indefinit postpon mc conf http co ahwm kzyzq
286,indirect way know whether someon new variant omicron check absenc http co rrtjn kqo
287,skip two letter greek alphabet name omicron http co c lagzb skip http co z kyfoobr
288,worri balochistan made necessari arrang fight omicron outbreak young doctor http co wysglouw
289,african dr angeliqu coetze st rais alarm omicron variant say rest world http co myn vh ilu
290,prime minist naftali bennett spoke austrian chancellor alexand schallenberg czech prime minist milo http co veksbofgtu
291,omicron covid variant reportedli came travel arriv back canada nigeria travel http co h wqg rcpk
292,emergexvaccin announc viral peptid target covid vaccin lead present sarscov variant http co bgswwh ln
293,yield drop due omicron powel prepar testimoni fed fund futur price u http co chhkbvpr p
294,f want experi magic crypto forget buy omic spread like omicron http co bqvrrbbylx
295,measur announc respons surg case emerg omicron variant greec http co rut alw nf
296,littl scientist know yet omicron new coronaviru variant yet coverag swell http co jj cwisomj
297,lot ppl n europ vacat number secur protect n e second home cape town http co qgcabxcv
298,south africa face backlash discoveri new omicron variant countri impos travel ban fro http co llqhnlsx n
299,grow busi us growth guarante adigitalz http co cbnrcyyj b http co rr vyhwnwz
300,omicron variant infecti never forgiv antivaxx ever covidvari peopl http co ejmmr gnh
301,interestingli past month pandem chang vaccin react unvax http co e cguwtym
302,oram subsidiari oravaxmed oral vlp vaccin target one three sar cov viru surfac protein http co du oj dch
303,worri omicron delta sarscov gener exercis help worri also inv http co r w ttffa
304,interest dilemma omicron hurt suppli chain inflat seem ongo avail suppli decreas http co g znzyfaoz
305,omicron sound like transform hope decepticon omicron covid covid transform http co qk ptceql
306,omicron pressur chicago pmi larg miss http co pv lzrjlev
307,frustrat see market dip yahoofin publish investor weigh omicron exactli http co boyrewrk
308,less amp p open green sold afrm lower yesterday ideal rang expect dip ne http co sx hyajhwi
309,bbclaurak world beat geno sequenc detect omicronvari omicron
310,shevaldini laloreyno doctormacia date evid suggest vaccin cover omicron help prev http co gi jh x
311,srilanka prepar worst omicron land nearli countri lka http co fcyaogl
312,omicron variant symptom mutat vaccin need know via usa today http co yliixxombu
313,fall love aquariu give space amp never question love never find true http co chg h brcv
314,b malmet moderna amp regeneron say covid vaccin unlik effect omicron variant http co mrotnb fux
315,tuesday morn pictur irrespons help situat mr bancel perhap wh http co nfnh xjsu
316,aquariu women often male friend femal omicron kaicomebackday politicamentecorretto lul http co raaib bhnq
317,read one thing today let piec picardonhealth globeandmail opinion need readi http co ivb tbwe
318,upset aquariu clam detach world around still pretend happi omicron http co ric vs
319,conserv leader dougla moray call open mass vaccin centr measur speed http co iyxsnybbh
320,govt role protect nation guardian stevebrin con say concern regulat http co knmtt x k
321,israel pm bennett spoke today austrian chancellor schallenberg czech pm andrejbabi omicron http co xaqjojrwi
322,bitcoin increas back cryptocurr rebound sell http co enxnpnqec bitcoin http co wqtkohoqni
323,coronaviru vaccin maker moderna pfizer biontech eye omicron variant washington post http co wmpn rya q
324,aquariu realli fun parti person choos omicron kaicomebackday politicamentecorretto http co qgqbtcfh u
325,oramedpharma subsidiari oravax oral vlp vaccin target one three sar cov viru surfac protein http co f nlyrziga
326,final readi take ahc outlook spring serious midst blizzard http co ogpb ngxsk
327,aquariu stubborn set someth hard chang mind omicron http co qia uytdmc
328,omicron variant found case date back long day netherland belgium germani http co plzcfappp
329,aquariu fierc independ break friend lover issu threaten abilit http co lpjvstmjwd
330,netherland say omicron found sampl nearli week south african offici sound al http co vophjucdi
331,pm borisjohnson thank nh staff incred effort distribut million vaccin http co lmkk zv c
332,listen governortomwolf explain concern omicron need panic pennsylvanian http co yjt uuckbc
333,pisc secret expect reveal nod wise amp give absolut noth away http co rrcdpoaxgl
334,sole purpos viru surviv begin new viru tend sever kill http co xvxhjtbcu
335,need alarm said omicron three time loud fight demon apart omicron newvari
336,display sign produc rang covid sign graphic keep staff custom safe follow http co nx ywhsoml
337,big reason continu deal covid pandem broken promis develop countri promis v http co cfvbqbpoka
338,pisc like past judgment caus like judg either omicron kaicomebackday http co ojhl excn
339,impact omicron new variant coronaviru oil demand clear yet saudiarabia http co rhlltdijf
340,moderna set fresh alarm bell financi market firm chief warn covid vaccin unlik http co hcltdhipp
341,pisc meant multipl craft believ limit omicron kaicomebackday http co dondcpfzxq
342,covid omicron rorystewartuk cont wait certainti late http co sci pf dw
343,great servic skill master balondeoro tuesdayvib tuesdaymotiv http co olofkm
344,noth turn pisc w someon accept everi flaw amp let omicron http co fobvecjbar
345,seem piss viru even keep get worst worser soon human http co gy whic
346,updat nl omicron within border children compris daili delta infect http co g oaljd
347,want experi magic crypto forget buy omic spread like omicron http co khuoxymkav
348,mybern question church last week meet discuss covid protocol look http co u qzsyn
349,fear omicron trigger anxieti across canada new poll abacusdataca find http co ug qgl ei http co db zzb zl
350,good articl washingtonpost break know know omicron variant http co qglmwyfbsr
351,variant put everyth got everyth u loss everyth u hate omicron surabaya http co dvpnalgbj
352,reinforc point world realli owe huge debt gratitud scientist southafrica http co wpbgn kdk
353,canada foreign travel restrict respons omicron variant discriminatori self defeat gov http co kdxp hec
354,covid rise among student right time govern close educ in http co z fydjgqbp
355,want experi magic crypto forget buy omic spread like omicron http co z zrabayvm
356,omicron visran said goa put strict protocol precaut omicronvari wa http co fa prl ewh
357,simplifli top omicron impact travel tune head research http co cdr vwcr
358,drugmak moderna set fresh alarm bell financi market tuesday firm chief warn covid http co nwtug oncu
359,wait minut africa covid death nov canada nov africa pop mil canada mil http co wz tr tcar
360,break nicd sa sever omicron yet determin reconsid attend event poorli ventilat http co xqbpvaz p
361,amid grow concern new covid variant omicron karnataka govt say intern travel arriv http co q tgxwtmat
362,europ detect first south africa caution world first henc sa punish europ remain http co uzkt kmsb
363,histori lesson politician journo h n pandem call spanish flu spanish n http co wxdetw rxw
364,understand happen biden admin polici abysm failur dem left media need omicron http co p gibl jmq
365,regeneron warn antibodi drug may less potent versu omicron http co skxcpp af regn adgi lli vir azn mrk pfe covid
366,headlin http co qyntfxtkeu omicron
367,omicron extrem mild say doctor first discov strain numer mutat destabil http co kmnbtcrsga
368,sciencescann sentivcapit maxjacobsedison theori omicron origin europ partli respo http co qh aodyijj
369,viru trilemma deathli vs spread easili vs easi cure choos omicron
370,abc florida open door polici sarscov make extrem vulner omicron sad thing th http co bof pggrl
371,europ head eu public health agenc announc tue case infect covid http co wexgnknsu
372,come togeth human solv pandem global basi say us http co apfooa x
373,china said expect hold winter olymp beij februari smoothli schedul despit challen http co lqfzhoo tw
374,china say omicron lead challeng winter olymp http co qkfexww f http co icgfdjt x
375,pleas answer moderna vaccin booster worth get omicron pleas al http co hu g g e
376,omicron financialtim articl look bad potu vp whco cdcdirector tell truth need wo http co rvkoqeufka
377,bill ackman said omicron covid variant could end bullish market http co ocig hetc http co cn hqu gbi
378,afd blog netherland rivm omicron detect sampl collect nov th covid http co youhzufhlj
379,michaelmina lab mask allcanada true data flow mount idea omicron probab http co euz pfc j
380,latest whyte hall journal http co wsvrtgfd thank janrom tri b websitedepot covid omicron
381,gethseman skynew dr angeliqu coetze southafrica doctor first spot new covid variant http co g uqyfl p
382,omicron link global vaccin inequ expert http co oqni qgqmw via nbcnew
383,support hongkong travel ban canada everi countri region need take ownership responsibil http co fsafzdk
384,clfmd littledeekay omicron need quot reason funni
385,loss low cost airlin easyjet top bn second year row carrier said omicron http co baaqnync u
386,mean let continu punish good countri hard work openli report discoveri http co mlgt g tq
387,manomachin ozraeliavi even skip xi wait second xi presid http co bkanvo hx
388,loss low cost airlin easyjet top bn second year row carrier said omicron http co rzu odym
389,wait patient omicron
390,hear nicolasturgeon talk lead hear borisjohnson conserv talk wonder http co kshtlb cz
391,hey canada get sip away min excel interview discuss seriou implica http co zpygjvwkom
392,remain unclear variant first emerg stop wari nation rush http co etf rxarb
393,pessimist omicron assess squash risk appetit http co drxypheyj omicron covid vaccin pandem http co bufp ubx
394,oil resum slump omicron variant sow fear demand http co rxnix dbyn
395,noth see omicron vaccinessavel http co nixssybz
396,could anyon advis covid viru pokemon keep evolv omicron govind
397,india omicron travel rule passeng risk countri test covid arriv amp http co u wp hq wq
398,kadakupd prioriti everyon get two dose vaccin first step stay prote http co gifbpia
399,sigh relief south africa omicron variant appear super mild mutat coronaviru exper http co vrkcgmweyl
400,slow start unit state improv surveil system track new coronaviru variant http co ccxa bktmg
401,new covid variant came right back end rand surviv em onslaught bought shenanigan http co lryregrzbz
402,omicron cryptocurr ride new variant rollercoast http co wr uzho ng omicron cryptocurr http co j wwkudlda
403,coronaviru everi six month omicron omicronvari covid coronaviru psl asimazhar psl http co ciru
404,omicron updat new info show new variant spread wider earlier thought http co z hxshbw v
405,brain shrink get dumber would say absolut ye see unfold la http co xsnja u zk
406,think omicron variant bad wait til hit unicron variant http co xfi mp rp
407,person need nicolasturgeon tell english travel arrang omicron
408,omicron slow stop covid transmiss impact evolut viru variant nee http co hsni z hs
409,vaccin still complet denial get spread covid insan obstina http co kdbh n
410,best deaddercanada cartoon still laugh type omicron covid http co khyibpdxex
411,omicron latest covid variant concern design world health organ get name l http co n dqe c
412,moderna ceo warn covid shot less effect omicron stock market spook http co ffbhmbpz
413,downingstreetbrief pressconfer covid uk coronaviru covidvari covid covidvaccin http co gep ih qfv
414,omicron perfect exampl news today one know anyth yet let get sort expert ta http co hjb rdeapr
415,break moderna vaccin struggl omicron new vaccin take month develop
416,counti went strongli trump death rate covid three time counti vote heavi http co lpbhpe vxr
417,see everi time say omicron transform unicron http co ldduv na
418,latest south africa covid death rate rise swap travel restrict mass hysteria cautiou optimi http co bjhym tbfb
419,new omicron variant fuel old misinform http co ds iwat k omicron variant real amp http co tqg vhgcol
420,financialtim clivecookson jburnmurdoch hannahkuchl mroliverbarn data suggest omicron http co iuhkola ms
421,pm modi call qualiti debat parliament look number bill push short span http co g wiuhdtln
422,omicron rock thailand tourism fear relax entri requir suspend full stori http co jc nw g va
423,bbc news omicron booster roll challeng say vaccin chief dr gill richardson vow sped boost http co uzinjwqgi
424,omicron articl smithsonian http co tfzdvblvow
425,metronyhc invit today global day action vaccin justic nyc solidar candlelight vigil http co nj vbslxbg
426,take follow covid go us long time everyon need boost http co qjm accoma
427,eleph like today buddi tuesdayvib tuesdaymotiv southafrica zimbabw ugandaisbleed http co mbc mzz xz
428,itz fair alllll boarder alllllll viru omicron locat within close period fact remain http co jnvbr lbzu
429,minut well inform kind remind us omicron http co enqqgqqhmj
430,skynew surpris omicron symptom mild far say southafrica dr spot dr ang http co ceih hshou
431,seriou omicron realli scientist know far http co ydozumz
432,swissr pfizer merck swissr updat info omicron covid variant http co rnwihxpfqz
433,gbnew problem respons cash cow realmaxkeis http co tdb waq x
434,guess age everi time hear omicron expect transform fli eyesight say someth epic nbcsandiego transform
435,moderna ceo cast doubt vaccin efficaci omicron covid variant oil slump jitteri asian market http co ce zvombqx
436,johnnycash song use scientist explain omicron mutat covid ye fact gt fiction th http co epww x jwg
437,hr wait delhi airport travel risk countri report indiabloom first portal http co uhpjg psk
438,strang covidiot want wear poppi honour dead wear mask protect http co zutelquykc
439,feel new concern covid variant omicron
440,b malmet wipe groceri anymor amp hold mail hostag garag day otherwis noth http co uwdf edan
441,moderna ceo cast doubt vaccin efficaci omicron covid variant oil slump jitteri asian market http co ytfocbavhi
442,could omicron variant caus new pandem http co fwtfme ybp medicin health medicin http co hkwkq pjng
443,surpris dutch author would confirm come day omicron case date back even novemb th
444,pippacrerar slavish govern propaganda monger harri gone script incompet sudden http co dlwxfyjwov
445,dr jonathan baugh viru becom weaker want host live cmo remov health system lt lt lt omicron
446,know worri newest covid variant omicron websit realli help track n http co r nolwqniy
447,icymi dr deena hinshaw said case involv omicron detect alberta date http co jjabglzjn
448,new nine omicron case scotland link one privat event nicolasturgeon tell msp none http co wukdehnnto
449,want experi magic crypto forget buy omic spread like omicron http co saf ghhfx
450,sab alreadi done mess fail vaccin mrna pfe omicron need http co apopzpcv
451,gee look like tsla compani stock well threat omicron kudo elonmusk http co v icyr weo
452,omicron acrimoni idiot sheepl freak yet give govern knee jerk power http co lj oltrpu
453,three omicron variant case scotland bring uk total bori johnson expect address http co ykildrfnbm
454,countri announc first confirm case omicron variant bet order announc mor http co yzi kifqu
455,omicron omicronvari omicronviru symptom coronaviru corona covid covid covid covidvari http co ks fuicauc
456,three omicron variant case scotland bring uk total bori johnson expect address http co qfpeasqjgx
457,omicron may caus milder symptom thing doctor worri covid self destruct http co jqmasjgs
458,natur noth perfect everyth perfect tree contort bent weird way st http co pgrxujchuy
459,scottgottliebmd hotlinejosh new booster eventu need specif target omicron move v http co mqwcf yjlu
460,price pressur global caus polici respons global pandem thank omicron central ba http co n cpu ruqb
461,research think omicron variant could infecti one yet npr omicron http co hv h w
462,irfandhalla fight broader elig booster w proven benefit vs delta still domin xma age http co dit vtsviv
463,parikpatelcfa omicron sound cool
464,moderna chief predict exist vaccin struggl omicron st phane bancel forese materi drop cu http co kptsfdowv
465,unclear whether omicron truli child alpha patern result reveal next e http co xmutnkrsxr
466,tomdf confirm sar cov pcr test kit use clia cap lab provistadx detect omicron variant http co xmokr g
467,moderna tx moderna vaccin work omicron
468,new even drugmak set make vaccin specif new variant omicron unclear whether http co om htuvxk
469,pisc tend put love one prioriti life omicron kaicomebackday http co c ivvvir
470,htl omicron mutat mean pre exist immun respons may le http co ikywswyt
471,omicron scare concern new covidvari omicron grow delhi maharashtra seek ban intern http co c ij syuax
472,covid know omicron variant http co b rgmjoqi http co epshkpnv
473,omicron loom antivax love one need get affair order http co rwloftkcbt
474,chr hstanley footballmayt skynew realli concern think stuff http co dyi r jl
475,pisc know good still go bad omicron kaicomebackday http co hbnsjsi ut
476,access benefit share regulatori framework quit work intend swift respons global hea http co iakilghlnk
477,clark counti health said immedi futur go priorit coronaviru case contact investi http co dxr wm ng
478,pisceswomen sometim expect perfect hard time separ fantasi situat amp realiti http co c hfilngof
479,sigh relief south africa omicron variant appear super mild mutat coronaviru exper http co hkcbtegwsw
480,janagatien humanlti told back omicron odium medicum insens cretin mean http co j qzoyxqd
481,skynew break news case omicron link singl event st nov scotland histori travel http co gvvojxvfc
482,know like see handl spidermannowayhom lisa omicron iplauct goat http co hwamqd u
483,imatur amp stupid countri usa would joke amp laugh omicron viru talk show amp g http co zadg ul
484,want judicialwatch continu fight transpar read http co zfvdeyeso fauci http co j lptss f
485,topheadlin indian economi back pre covid level growth q uncertainti omicron keep gl http co kjodp pk
486,wonder plow forward econom recoveri omicron hit http co ijzud bwr
487,current ptioffici regim rememb incompet miser fa http co ooudvey
488,new pfizer ceo say compani capabl develop omicron specif vaccin within day announ http co gk stci
489,quit effect corona beer somehow world health organ name new coro http co pqoghjcxpb
490,consid new variant omicron new guidelin issu govt uttarakhand via notif date th nov http co vfwecay
491,benkentish despit omicron spread within commun prime minist unlik announc http co nslce fe
492,research univers hong kong success isol omicron strain clinic specimen tue http co qy lejxkwm
493,scorpio like scorpion repres rub wrong way threaten amp dead http co z vro pk
494,sigh relief south africa omicron variant appear super mild mutat coronaviru exper http co mazug rqxj
495,narayanahruydayala outperform nifti higherlow stockmarket invest invest omicronvari http co ku z affkh
496,infuri propagandist anti american democraci po stephenm favorit misinform http co sk wu buh
497,omicron get http co szxtic x
498,htl turn variant omicron inde evas need develop new vaccin http co br cm c
499,china confid beij winter olymp proceed plan talk hand http co edyvlvuntx
